label,nodes,quorum,round,consensus_ms
q5p1,5,5,1,10.898
q5p1,5,5,2,13.601
q5p1,5,5,3,13.620
q5p1,5,5,4,14.250
q5p1,5,5,5,14.825
q5p1,5,5,6,12.412
q5p1,5,5,7,12.502
q5p1,5,5,8,13.793
q5p1,5,5,9,12.432
q5p1,5,5,10,12.896
q5p1,5,5,11,14.119
q5p1,5,5,12,13.298
q5p1,5,5,13,10.835
q5p1,5,5,14,8.106
q5p1,5,5,15,10.646
q5p1,5,5,16,9.635
q5p1,5,5,17,10.586
q5p1,5,5,18,9.950
q5p1,5,5,19,8.815
q5p1,5,5,20,10.619
q2p1,5,2,1,5.500
q2p1,5,2,2,6.214
q2p1,5,2,3,8.953
q2p1,5,2,4,7.193
q2p1,5,2,5,5.018
q2p1,5,2,6,5.696
q2p1,5,2,7,8.291
q2p1,5,2,8,7.764
q2p1,5,2,9,7.047
q2p1,5,2,10,6.412
q2p1,5,2,11,9.268
q2p1,5,2,12,8.078
q2p1,5,2,13,7.997
q2p1,5,2,14,5.830
q2p1,5,2,15,3.288
q2p1,5,2,16,4.062
q2p1,5,2,17,5.620
q2p1,5,2,18,8.785
q2p1,5,2,19,5.827
q2p1,5,2,20,6.091
q4p1,5,4,1,11.553
q4p1,5,4,2,8.426
q4p1,5,4,3,10.825
q4p1,5,4,4,8.767
q4p1,5,4,5,12.761
q4p1,5,4,6,9.794
q4p1,5,4,7,11.445
q4p1,5,4,8,8.582
q4p1,5,4,9,10.320
q4p1,5,4,10,8.978
q4p1,5,4,11,10.659
q4p1,5,4,12,10.723
q4p1,5,4,13,8.527
q4p1,5,4,14,9.286
q4p1,5,4,15,10.710
q4p1,5,4,16,8.959
q4p1,5,4,17,10.298
q4p1,5,4,18,8.844
q4p1,5,4,19,8.329
q4p1,5,4,20,10.129
q3p1,5,3,1,9.769
q3p1,5,3,2,14.746
q3p1,5,3,3,16.302
q3p1,5,3,4,12.235
q3p1,5,3,5,11.396
q3p1,5,3,6,12.610
q3p1,5,3,7,13.021
q3p1,5,3,8,14.538
q3p1,5,3,9,11.611
q3p1,5,3,10,12.592
q3p1,5,3,11,14.875
q3p1,5,3,12,12.408
q3p1,5,3,13,9.875
q3p1,5,3,14,15.831
q3p1,5,3,15,12.072
q3p1,5,3,16,19.418
q3p1,5,3,17,11.044
q3p1,5,3,18,12.269
q3p1,5,3,19,11.163
q3p1,5,3,20,15.554
q1p1,5,1,1,0.351
q1p1,5,1,2,0.211
q1p1,5,1,3,0.420
q1p1,5,1,4,0.246
q1p1,5,1,5,0.227
q1p1,5,1,6,0.228
q1p1,5,1,7,0.177
q1p1,5,1,8,0.185
q1p1,5,1,9,0.188
q1p1,5,1,10,0.176
q1p1,5,1,11,0.177
q1p1,5,1,12,0.182
q1p1,5,1,13,0.196
q1p1,5,1,14,0.175
q1p1,5,1,15,0.216
q1p1,5,1,16,0.209
q1p1,5,1,17,0.182
q1p1,5,1,18,0.253
q1p1,5,1,19,0.269
q1p1,5,1,20,0.397
q2p2,5,2,1,5.072
q2p2,5,2,2,4.805
q2p2,5,2,3,5.054
q2p2,5,2,4,3.637
q2p2,5,2,5,3.216
q2p2,5,2,6,4.218
q2p2,5,2,7,5.657
q2p2,5,2,8,3.682
q2p2,5,2,9,3.018
q2p2,5,2,10,3.199
q2p2,5,2,11,4.873
q2p2,5,2,12,4.706
q2p2,5,2,13,5.300
q2p2,5,2,14,3.894
q2p2,5,2,15,3.910
q2p2,5,2,16,6.199
q2p2,5,2,17,11.570
q2p2,5,2,18,4.326
q2p2,5,2,19,4.245
q2p2,5,2,20,4.639
q5p2,5,5,1,13.012
q5p2,5,5,2,12.473
q5p2,5,5,3,10.916
q5p2,5,5,4,12.402
q5p2,5,5,5,12.867
q5p2,5,5,6,11.488
q5p2,5,5,7,11.532
q5p2,5,5,8,13.358
q5p2,5,5,9,13.605
q5p2,5,5,10,12.056
q5p2,5,5,11,11.186
q5p2,5,5,12,13.185
q5p2,5,5,13,13.026
q5p2,5,5,14,10.707
q5p2,5,5,15,12.283
q5p2,5,5,16,13.621
q5p2,5,5,17,13.827
q5p2,5,5,18,11.351
q5p2,5,5,19,11.557
q5p2,5,5,20,9.499
q3p2,5,3,1,10.965
q3p2,5,3,2,15.815
q3p2,5,3,3,17.254
q3p2,5,3,4,16.302
q3p2,5,3,5,16.484
q3p2,5,3,6,15.865
q3p2,5,3,7,15.338
q3p2,5,3,8,12.545
q3p2,5,3,9,15.441
q3p2,5,3,10,14.764
q3p2,5,3,11,10.189
q3p2,5,3,12,16.671
q3p2,5,3,13,16.879
q3p2,5,3,14,18.411
q3p2,5,3,15,13.038
q3p2,5,3,16,11.850
q3p2,5,3,17,12.725
q3p2,5,3,18,13.031
q3p2,5,3,19,12.958
q3p2,5,3,20,13.633
q4p2,5,4,1,11.332
q4p2,5,4,2,10.693
q4p2,5,4,3,8.437
q4p2,5,4,4,12.224
q4p2,5,4,5,6.821
q4p2,5,4,6,13.247
q4p2,5,4,7,9.973
q4p2,5,4,8,11.653
q4p2,5,4,9,10.049
q4p2,5,4,10,11.728
q4p2,5,4,11,10.299
q4p2,5,4,12,10.858
q4p2,5,4,13,9.437
q4p2,5,4,14,11.798
q4p2,5,4,15,9.366
q4p2,5,4,16,11.795
q4p2,5,4,17,9.170
q4p2,5,4,18,11.653
q4p2,5,4,19,9.425
q4p2,5,4,20,12.382
q1p2,5,1,1,0.176
q1p2,5,1,2,5.483
q1p2,5,1,3,0.314
q1p2,5,1,4,0.284
q1p2,5,1,5,0.199
q1p2,5,1,6,0.218
q1p2,5,1,7,0.300
q1p2,5,1,8,0.321
q1p2,5,1,9,0.321
q1p2,5,1,10,0.244
q1p2,5,1,11,0.330
q1p2,5,1,12,0.341
q1p2,5,1,13,0.257
q1p2,5,1,14,0.258
q1p2,5,1,15,0.266
q1p2,5,1,16,0.208
q1p2,5,1,17,0.152
q1p2,5,1,18,0.149
q1p2,5,1,19,0.137
q1p2,5,1,20,0.143
q1p3,5,1,1,0.537
q1p3,5,1,2,0.568
q1p3,5,1,3,0.628
q1p3,5,1,4,0.498
q1p3,5,1,5,0.424
q1p3,5,1,6,0.427
q1p3,5,1,7,0.580
q1p3,5,1,8,0.547
q1p3,5,1,9,0.368
q1p3,5,1,10,0.448
q1p3,5,1,11,0.585
q1p3,5,1,12,0.519
q1p3,5,1,13,0.367
q1p3,5,1,14,0.569
q1p3,5,1,15,0.370
q1p3,5,1,16,0.507
q1p3,5,1,17,0.528
q1p3,5,1,18,0.670
q1p3,5,1,19,0.525
q1p3,5,1,20,0.694
q3p3,5,3,1,24.931
q3p3,5,3,2,16.849
q3p3,5,3,3,21.127
q3p3,5,3,4,22.470
q3p3,5,3,5,17.719
q3p3,5,3,6,17.903
q3p3,5,3,7,21.598
q3p3,5,3,8,16.962
q3p3,5,3,9,15.715
q3p3,5,3,10,16.439
q3p3,5,3,11,17.170
q3p3,5,3,12,17.306
q3p3,5,3,13,16.635
q3p3,5,3,14,17.549
q3p3,5,3,15,16.743
q3p3,5,3,16,16.484
q3p3,5,3,17,16.335
q3p3,5,3,18,16.652
q3p3,5,3,19,15.693
q3p3,5,3,20,15.835
q5p3,5,5,1,30.085
q5p3,5,5,2,22.417
q5p3,5,5,3,22.727
q5p3,5,5,4,23.153
q5p3,5,5,5,23.252
q5p3,5,5,6,22.229
q5p3,5,5,7,23.158
q5p3,5,5,8,24.709
q5p3,5,5,9,23.003
q5p3,5,5,10,23.204
q5p3,5,5,11,21.915
q5p3,5,5,12,22.063
q5p3,5,5,13,22.622
q5p3,5,5,14,22.917
q5p3,5,5,15,22.530
q5p3,5,5,16,22.860
q5p3,5,5,17,22.183
q5p3,5,5,18,22.622
q5p3,5,5,19,23.246
q5p3,5,5,20,24.438
q4p3,5,4,1,21.563
q4p3,5,4,2,25.288
q4p3,5,4,3,24.135
q4p3,5,4,4,23.863
q4p3,5,4,5,22.638
q4p3,5,4,6,24.418
q4p3,5,4,7,24.082
q4p3,5,4,8,24.526
q4p3,5,4,9,23.131
q4p3,5,4,10,25.455
q4p3,5,4,11,23.983
q4p3,5,4,12,22.499
q4p3,5,4,13,25.386
q4p3,5,4,14,25.308
q4p3,5,4,15,24.857
q4p3,5,4,16,24.229
q4p3,5,4,17,23.420
q4p3,5,4,18,26.461
q4p3,5,4,19,27.712
q4p3,5,4,20,29.339
q2p3,5,2,1,5.234
q2p3,5,2,2,5.351
q2p3,5,2,3,4.590
q2p3,5,2,4,9.365
q2p3,5,2,5,4.650
q2p3,5,2,6,6.110
q2p3,5,2,7,5.269
q2p3,5,2,8,4.847
q2p3,5,2,9,6.888
q2p3,5,2,10,5.825
q2p3,5,2,11,8.259
q2p3,5,2,12,6.254
q2p3,5,2,13,5.369
q2p3,5,2,14,3.940
q2p3,5,2,15,8.895
q2p3,5,2,16,10.370
q2p3,5,2,17,8.317
q2p3,5,2,18,9.154
q2p3,5,2,19,11.932
q2p3,5,2,20,8.295
